Title,Energy,Fat,Protein,Salt,Saturates,Sugars,Similarity (%)
Cardamom Cookies,382.8457212,3.532434759,0.537729508,2.021193736,2.172555748,87.59138454,100
Colada Cookies,215.9723356,0.83082266,3.724157378,0.309823907,0.114568337,21.13369893,80
Carol's Cookies,514.1358475,39.41661945,0.83942433,0.017846346,5.399316117,33.6217848,77
Cardamom Carrots,500.564404,42.22223383,0.581529917,0.166376425,26.25743578,32.71448733,75
Cinnamon Cookies,489.0508702,28.36518957,4.189932168,0.335888426,17.48250378,25.73640776,75
Cinnamon Cookies,437.4788303,18.85359038,5.578920628,0.013654454,11.50351417,22.42985774,75
Casserole Cookies,581.9491712,50.24529923,20.44909669,0.017128596,6.185154846,6.857484631,73
Cardamom Cream,339.0243902,35.36178862,3.040650407,0.06504065,22.48699187,2.845528455,73
Cardamom Cider Syrup,111.4906832,1.263198758,2.130822981,0.002717391,0.143944099,8.068322981,72
Cardamom Crescents,503.6595443,31.39623421,5.242592374,0.354887262,14.39499469,21.60488726,71
Iced Carob Cookies,504.577657,31.60351976,4.790336203,0.031500135,18.88452909,35.6157625,71
Apricot Cookies,477.2904424,34.0153096,14.44205452,1.097225101,21.13451149,8.035881907,71
Cardamom Sables,499.3333333,31.16375,4.685208333,0.5,19.18575,16.9,71
Anzac Cookies,563.4486969,39.03308443,6.996673181,0.020832872,33.93638454,12.76549162,69
Carrot Cake Cookies,110.5822104,0.190904142,0.652214162,0.081843833,0.029604861,24.42095558,69
Anzac Cookies,344.4783047,35.84171128,0.919390959,0.06590598,23.10308468,3.484296197,69
Cardamom Kulfi Pops,259.4156083,0.350378093,1.210997724,0.039277586,0.227112547,65.84685412,69
Anzac Cookies,230.5798849,8.232379284,1.240252547,0.826366102,5.418903564,30.79556517,69
Anzac Cookies,585.1920865,43.79336918,2.317555066,0.184824548,36.74319752,32.59432583,69
Cooked Carrots,310.6256539,34.54566182,0.4735947,0.972620422,21.48432487,0.605663552,67
Checkerboard Cookies,691.1197499,75.14666511,1.436015352,0.045424145,46.7377357,1.599878223,67
Cardamom Syrup,180.9408926,0.089779832,0.151935101,0.002610475,0.009668597,46.29876887,67
Acorns Cookies,389.2724809,6.033940028,1.04414691,0.322717604,2.6497667,83.19814218,67
Cobweb Cookies,446.1113366,25.94116057,5.501590842,0.02202145,15.94356748,15.71600965,67
Animal Cookies,355.9976101,15.46870212,5.034975514,0.228497286,9.368326427,17.60693876,67
Agression Cookies,470.574523,25.52270119,7.930533639,0.353697461,6.235009324,21.75853536,67
Aggression Cookies,470.574523,25.52270119,7.930533639,0.353697461,6.235009324,21.75853536,65
Aggression Cookies,471.3336614,25.35802165,8.111466535,0.167322835,4.737204724,17.22687008,65
Aggression Cookies,470.574523,25.52270119,7.930533639,0.353697461,6.235009324,21.75853536,65
Cardamom Simple Syrup,124.7484909,2.354124748,3.983903421,0.005030181,0.253521127,4.215291751,65
Carrot Orange Cookies,380.2170652,2.476539751,0.383867908,0.959589804,1.52397644,90.61662292,65
Honey-Cardamom Crunch,411.4515502,24.39109991,0.992338007,0.032935575,15.25254554,49.40416589,65
Aggression Cookies,442.9213483,19.63550562,9.018876404,0.874831461,10.8487191,18.89348315,65
No-Bake Carob Cookies,364.8711431,18.94553861,4.825558296,0.033737222,8.159447543,46.13969998,65
Biscoff Cookies,414.4580726,20.11846608,4.746346332,0.567648386,12.34149353,23.73230609,65
Carob No Bake Cookies,128.1647382,2.634895177,4.058597778,0.093008936,1.446853401,18.93706801,65
Aggression Cookies,471.3336614,25.47613189,8.308316929,0.177165354,14.60334646,17.24655512,65
Aggression Cookies,471.0875984,25.47613189,8.308316929,0.414308563,14.60334646,17.24655512,65
Cream Scones,360.8829252,2.89386523,1.762684908,2.386768089,1.743958649,76.00124301,64
Cream Scones,362.3081645,14.09085328,5.975445058,0.802102517,8.722160835,15.60957643,64
Cream Scones,310.5213352,4.583405024,3.983138334,1.813435564,2.415283035,36.3996903,64
Cream Scones,340.5323958,11.49171271,7.340532396,2.401431441,7.038171773,3.154193872,64
Cream Scones,511.0902751,37.67924639,1.109613525,0.156538428,23.43208122,42.20516276,64
Cream Scones,300.4064513,4.788612877,4.350029187,3.194966922,2.857196134,52.6349613,64
Cream Scones,340.5323958,11.49171271,7.340532396,2.401431441,7.038171773,3.154193872,64
Beer Cookies,315.138191,16.68341709,4.672110553,0.214981156,7.70508794,9.068467337,64
Cream Scones,357.5350982,15.26148785,6.835595503,1.389680361,9.314316427,3.021421541,64
Cream Scones,471.6652752,28.75762636,1.376340633,0.973283668,17.83777535,33.67966091,64
Apricot Tea Cookies,515.7869708,36.98785214,1.417341319,1.804063307,22.99935205,45.89765862,63
Almond Lace Cookies,309.7989037,1.381553045,0.333974378,1.712139223,0.476869378,79.0821951,63
Carrot Oatmeal Cookies,417.6327992,25.33060279,3.885884852,0.147016154,3.540291854,22.00933982,63
Cardamom Shortbread,472.8145857,25.36301481,8.823864561,0.012412502,14.50293016,12.48168647,63
Carl Reiner Cookies,470.098661,28.10937299,11.85036489,0.809879169,15.90247874,23.60366914,63
Almond Bark Cookies,564.1984498,51.29335652,10.9754613,0.021379692,7.061211988,6.829195367,63
Cardamom Ginger Crunch,471.9269721,25.86195266,3.120378458,0.992080137,15.95170678,38.32223443,63
Caramel Nut Acorn Cookies,577.0284589,49.82972818,7.276915619,0.122073512,8.292836661,16.18127,63
Cinnamon Sugar Cookies,485.9869717,28.30934707,4.247841236,0.261134677,17.43963036,25.96879261,63
Sand Art Cookies,343.7921488,7.861148577,6.240505431,0.510754596,4.362461844,37.54773905,62
Caramel Coloring,174.7428609,0.0,0.055181956,0.036751555,0.0,44.61461147,62
Cinnamon Crunch Cookies,344.5621346,12.09121954,5.240782543,0.182612722,2.264050472,23.93326388,62
Beach Cookies,215.4380846,9.410452244,5.190079808,0.034862267,1.887840041,21.75448382,62
Cave Cookie Bars,604.8336545,49.91748483,6.285612973,0.016693773,39.17108054,11.74810535,62
Caramel Crackles,296.7831137,19.16503825,2.792653701,0.104652503,14.27867545,15.04599502,62
Cream Crowdie,316.394167,4.488437178,5.104139048,0.012336132,1.965075858,49.65385182,62
Cream Crowdie,174.7829028,5.65446904,6.711326605,0.483005712,3.054479522,13.64265717,62
Date Bar Cookies,301.8248513,9.755710367,4.584168182,0.470931846,5.508893067,28.97783669,62
Twix Bar Cookies,612.6905225,56.95959701,0.885638402,0.968290075,35.44004972,26.4424495,62
Cardamom Glazed Carrots,22.67258096,0.924140414,0.463034113,2.330024669,0.266930069,1.109079202,62
Mom's Caramel,540.4978453,51.52547885,0.917169042,0.076118584,32.04836743,22.15446446,62
Chocolate Cookies,376.9377905,19.67095258,2.813097267,1.167422661,12.20549462,49.55840001,61
Crisp Almond Cookies,498.6216216,30.38918919,7.568108108,0.010202703,14.32086486,19.70486486,61
Cardamom Spice Blend,290.9090909,6.954545455,10.36363636,1.772727273,1.395454545,2.909090909,61
Oven Caramel Corn,431.9402909,28.21303665,0.474428506,1.469727305,17.45068174,48.23685945,61
Cardamom Infused Oil,495.2380952,37.66666667,7.333333333,0.0,2.921428571,0.0,61
Aldo's Lemon Cookies,380.111904,24.12255522,1.792565061,0.238817755,14.96875054,41.55815573,61
Vegan Almond Cookies,464.5022178,30.45835387,6.772732873,13.20809204,3.639496057,19.32386644,61
Chocolate Cookies,501.5494212,32.68797863,5.131077471,0.015627783,20.1517008,17.61549421,61
Oven Caramel Corn,435.9757984,28.86056842,0.988851907,1.43513134,17.13855929,47.2153277,61
Cinnamon-Raisins Cookies,396.0344969,11.51873075,3.338866398,0.672182677,1.538064146,55.43194655,60
Butter cookies,483.5896269,25.70241128,2.706323931,0.018186988,15.88817561,10.76041856,60
Butter Cookies,480.0721526,31.98161828,3.656588215,4.881463666,19.7551967,21.70932829,60
Cheese Cookies,541.0952544,53.97198323,11.51399096,0.782563221,32.68919738,0.281773588,60
Butter Cookies,410.0012324,5.754868129,0.854695588,0.006316244,3.546093172,83.23299236,60
Butter Cookies,409.5113614,9.389704404,1.394530465,3.513975468,5.785843555,70.84657149,60
EVOO & Ice Cream,229.7924298,13.93406593,3.384615385,0.194139194,7.020757021,20.52747253,60
Cheese Cookies,655.5901511,70.8323653,4.398954738,2.864088908,44.09290012,0.141362951,60
Cheese Cookies,406.5464284,31.25418437,8.806695094,19.48671217,15.07127085,0.60538233,60
Boiled Cookies,465.7851552,42.93751984,9.907245457,0.781888384,16.25415488,8.251552662,60
Caramel Corn I,588.0954268,49.68376001,3.531742887,0.631885551,13.35404613,33.40691131,60
Cheese Cookies,493.2854466,36.70986883,9.526858214,1.263663335,21.98969394,0.644909432,60
Oreo Ice Cream Pie,301.184967,14.15137253,3.596968036,0.109414215,8.142758046,38.46963475,59
Cocoa Puff Cookies,398.4698985,22.22508223,12.95581296,0.064886315,5.764621765,37.37094237,59
Cookie & Cinnamon Snack Mix,478.9266776,27.67599195,5.161821174,0.49021759,6.933945877,21.88197111,59
Cherry Almond Cookies,364.7541985,19.92814583,7.703222695,0.446758891,10.8174123,14.16503578,59
Ezee Anzac Cookies,546.3886544,35.91051085,7.356589763,0.266662096,30.73922528,18.40860113,59
Adam Recipe,169.2321844,0.074184895,0.108186305,0.006861329,0.012364149,4.162605676,59
Chocolate Caramels,440.3162345,19.19016517,3.999183168,0.013512337,14.10888503,55.27727774,59
Chocolate Caramels,313.6535759,6.898456829,1.68506589,0.872523999,0.765136324,66.78158025,59
Caramel Cream Cheese Cookies,432.7072053,20.12130362,9.451686797,0.416050604,12.07496252,14.38819242,59
Almond Butter Cookies,491.267142,31.6071345,10.60287533,0.363172711,2.397011561,13.36343745,59
Almond Butter Cookies,388.0199177,16.4394249,8.392234375,0.886877215,1.263543755,38.6031473,59
Cocoa Puff Cookies,282.2602443,2.099011623,1.224158821,0.015513686,0.42222365,63.75109867,59
Candy Carrot Coins,72.1325548,2.56938453,0.884080219,0.163607381,1.495098896,7.941359077,59
Random Cereal Cookies,480.3315995,39.38762462,17.04692241,0.030125704,8.77462072,11.67349371,59
Nutty Apricot Cookies,207.353737,2.773435151,8.20335518,0.408574349,0.24147676,19.08153448,59
Chocolate Caramels,397.0949716,18.74539386,2.943340045,7.015558642,6.271449534,57.38700762,59
Candied Apple Cookies,350.3352576,10.1767722,2.826921008,0.309082434,1.906827064,42.81508839,59
Mom's Caramel Popcorn,328.9035062,7.174608608,0.874655237,0.130457914,1.035778419,68.08540191,59
Caramels,551.7301301,52.71748811,1.334795925,1.834258314,32.80486348,21.54484436,58
Brysell Cookies,529.5327786,37.53131572,4.706958032,0.016229313,21.35626772,18.69936911,58
Caramels,86.41716009,2.662937786,3.181965571,0.938733112,1.694176954,13.22985216,58
No Bake Cookies,157.2495484,5.41160747,4.855101215,0.079289725,2.792866131,15.78544506,58
Cheddar Cheese Cookies,362.2713005,37.68119221,2.829511071,1.25140507,23.38888634,2.632659842,58
No-Bake Cookies,319.0481096,22.93551046,13.3452663,0.064000206,5.536867724,11.53317194,58
Chocolate Caramel Cookie Bark,401.6874571,9.51111093,1.549774679,1.977598537,5.269740065,78.31323678,58
Cheddar Cheese Cookies,674.3282539,73.13547741,3.16392036,0.167678325,45.33387889,0.114566285,58
Cookie Break Up,685.9643843,74.53577498,1.212826595,0.855342349,46.3723064,3.622076282,58
No-Bake Cookies,333.1955298,3.801776332,1.992371909,0.011502147,0.762995759,73.99314539,58
Mom's Pie Crust,546.6583939,59.11345506,1.644330202,0.144285883,8.349843408,1.959699817,58
Chocolate Caramel Cups,381.7190505,8.389944601,8.90387784,0.062103682,5.265003415,14.28784566,58
Buttery Almond Cookies,567.6104599,47.148422,19.04238052,0.003155996,5.409377818,7.465644725,58
Mom's Pie Crust,679.0629104,75.12245078,1.186660164,2.218476008,46.73147318,0.075830937,58
Caramel Corn II,305.8378325,8.992518763,0.212756753,0.393635453,3.211208593,58.86979358,58
Caramels,365.2672831,10.96963439,2.321068194,0.111751713,6.848629558,64.43533815,58
No Bake Cookies,418.8068629,37.05474159,10.18056862,0.050204631,7.891090486,8.315708841,58
No Bake Cereal Cookies,193.2715881,6.971760647,4.20049033,0.034618179,1.397530192,22.40851721,58
Caramels,441.5425532,29.87446809,0.627659574,1.504454787,18.52680851,47.72606383,58
Chocolate-Caramel Cookie Bars,169.162583,3.308960375,0.518544569,3.259213981,2.058030988,34.11623284,58
Coconut Caramel,108.7648575,0.779000211,2.701848832,0.333178547,0.507829251,23.57363202,58
Caramels,373.0630966,12.30507004,2.176769555,0.128610388,5.011528449,67.96020826,58
Caramel Corn IV,493.8310728,32.64883593,0.567879326,0.831167871,15.81543922,52.06849199,58
No Bake Cookies,402.0102275,16.16134721,9.535002645,0.024378417,6.093810615,30.32392876,58
Easy Christmas Cookies,559.2734074,58.45955713,1.048835772,0.011382729,11.65501514,5.748109813,58
Caraway Noodles,452.1449479,16.74002606,51.1234671,1.833927332,6.347248386,19.9674069,58
Buttery Cookies,454.2757152,28.43198418,4.514227024,0.016547474,17.51544431,16.06664638,58
Caramels,380.9585158,17.539294,0.562999227,0.083419222,10.94949755,60.09920124,58
Crackers,256.9356873,5.73297604,6.772803699,1.267996007,3.338535099,3.908680118,58
No Bake Cookies,401.2946918,15.38601733,9.156159745,0.01710487,3.046927597,33.68877602,58
No Bake Cookies,400.4363956,15.41232021,9.261430004,0.049188087,6.247450182,33.54894032,58
No Bake Cookies,323.3980087,15.26784954,14.74448983,0.036486256,6.418517573,19.38281848,58
Caramels,348.6118468,17.07350513,1.056928302,0.071978313,10.68924688,51.3646278,58
Caraway Noodles,452.1449479,16.74002606,51.1234671,1.833927332,6.347248386,19.9674069,58
No Bake Cookies,392.503023,13.80814188,9.394195889,0.019951632,5.194236195,34.18379686,58
Caramels,530.6259847,43.84400793,4.241853613,0.047873185,10.89459738,33.06895976,58
Cheddar Cheese Cookies,466.6322665,37.12927846,10.2609021,7.781415764,17.60983996,1.344184588,58
Honey-Cardamom Glazed Carrots,30.68789054,1.494899215,0.541089099,4.36263484,0.793659455,1.573656926,58
Cran Oat Scones,347.6001223,15.35188016,5.676245796,0.694130235,9.06202996,17.49250994,58
Caramel Chicken,85.11791869,1.812000082,13.19739012,0.110865733,0.59114476,3.372031417,58
Mom's Pie Crust,440.9209071,26.39208524,5.706282991,0.014193773,16.18338354,5.459221292,58
Awesome Simple Cookies,553.3591731,45.6375969,3.124677003,0.068636951,14.60717054,32.97093023,58
Italian Almond Cookies,524.7420235,36.43427131,9.066762243,0.008301279,13.93420444,23.75064061,58
Cafe Choc Chip Cookies,416.1013542,9.771935978,2.149499132,0.027224822,6.058726913,74.72514265,58
Salted Caramel No Bake Cookies,390.9972072,15.72079842,9.245933958,2.894796287,6.328035157,29.66937736,57
Coconut Joy Cookies,705.5585091,74.80859968,0.66886007,0.025668758,51.23899768,11.44686688,57
Chocolate Low-Carb Cookies,276.894222,26.28927627,6.023188868,0.117557908,12.91195231,4.051608231,57
Caramel Corn,223.9040456,6.883312722,2.924437827,0.020505767,1.324552659,32.45747419,57
Cardamom & Chili Chocolate Truffles,416.4819339,26.63352745,7.91450714,0.508396198,15.95213407,30.74974174,57
Kid's Colada,175.9539673,15.57389461,0.204421563,0.00738189,14.16081163,8.129164143,57
Carol's Shortbread Cookies,507.6699696,33.08835542,4.925202952,0.050359844,20.39376262,15.26777469,57
Caramel Corn,227.4590644,5.38967884,1.416758416,0.1989974,1.799058305,41.46314039,57
Dreamy Cream Scones,317.2341624,5.010061982,1.335828705,2.968888352,2.638291878,57.75175078,57
Alfredo Noodles Mix,42.74997577,0.284030032,1.508644334,2.89494709,0.157205241,4.154642089,57
Caramel Corn,325.6910435,14.65294166,0.231914544,0.366275678,9.072224322,51.8936401,57
Clove Sugar Cookies,511.180282,33.95057807,6.792275441,0.020423072,16.68301359,11.17418371,57
Caramel Corn,209.8750572,2.842629818,1.455981126,0.134542237,1.461566239,42.61104023,57
Cocoa Fudge Cookies,389.2881106,20.63073889,3.341998162,1.007332835,12.81771667,50.07560325,57
Carrot Fries,57.25922824,2.177359445,0.910430222,0.325679239,0.30441784,4.640257261,57
Caramel Corn,466.932885,27.8128065,0.403530895,0.801106908,16.61958806,57.5795152,57
Processor Cinnamon Cookies,526.9484055,42.2225162,0.234146652,0.38801188,3.111361993,37.90538275,57
Caramel Corn,438.5193476,23.02846178,2.68628078,1.251998721,13.87336105,43.36824432,57
Ice Cream Kolachkes,316.5258568,21.01750718,3.763560241,0.037540752,12.81828007,6.480632411,57
Carrot Fries,599.9522095,67.00762517,0.95619688,0.058023689,41.65978218,0.70871868,57
Almond Cakes,426.5128052,29.68550727,7.401282766,0.152703148,13.45745538,25.85307644,57
Pecan Caramel Sandwich Cookies,484.5373238,29.47126284,4.698926249,0.143467808,14.00722477,28.37031532,57
Cocoa Fudge Cookies,341.9804873,17.50286402,2.617635043,1.037410914,10.85040813,45.46684477,57
Caramel Corn,431.9402909,28.21303665,0.474428506,1.469727305,17.45068174,48.23685945,57
Gooey Caramel Sauce,331.4721134,0.480011517,0.005290218,0.985311723,0.242751437,87.22908297,57
Caramel Corn,504.5873898,33.5825368,2.60370586,1.651014323,15.69614847,51.72605235,57
Caramel Corn,324.4687225,22.17324439,0.239674043,0.076396101,13.74624511,34.79467924,57
Caramel Corn,390.3891978,27.3782367,1.723590151,0.486020651,14.95429706,35.61223193,57
Caramel Corn,354.8793488,9.12879155,0.465161353,0.815304293,5.587556934,68.30313015,57
Caramel Corn,334.225046,4.821936131,5.487376693,0.032603244,2.059438221,35.03343922,57
Caramel Corn,455.0410649,26.19654489,0.407816483,1.128575474,16.24893798,58.19102237,57
Breakfast Cookie,124.2508387,1.995203084,5.226889857,0.237989864,0.516336641,5.717938468,56
Ice Cream Scones,290.7801418,5.672340426,7.131914894,0.096099291,3.260567376,10.08085106,56
Caraway Coleslaw,212.4721648,3.311865496,0.119969473,0.281168179,0.519643935,45.22979475,56
Caramel Syrup Recipe,375.891947,9.270514781,0.560970948,0.067851682,5.769240571,72.42099898,56
Chocolate Caramel Sauce,400.5113585,18.6068875,1.447416056,0.4738551,11.55299122,61.24694542,56
Awesome No Bake Cookies,418.7533573,37.00042004,10.19265599,0.050122859,7.879069178,8.300729976,56
Creamed Potatoes,92.6697933,3.724682995,3.22859128,0.591019628,2.278304673,1.788778878,56
Caramelized Potatoes,496.0119786,42.34514484,0.852790511,1.279978109,26.34595964,29.64677684,56
Caramelized Potatoes,92.58850745,2.404374367,2.364960562,0.996431268,1.463263249,5.050281932,56
Cookie Dough Candies,376.0033271,8.056108328,2.893299446,4.733662276,5.010569241,72.37890223,56
Almond Cookies (Massafan),482.0791575,30.32104637,12.84185493,0.001486326,2.308900968,36.80482419,56
Nutty Canine Cookies,250.6197681,14.9524137,9.819545617,0.047437726,2.958237821,4.330650502,56
Cookie Dough Candies,376.0033271,8.056108328,2.893299446,4.733662276,5.010569241,72.37890223,56
Christmas Spice Cookies,387.8418681,13.10679612,3.393616346,0.951757726,4.660765277,40.93787677,56
Chamomile Cold Compress,0.321504316,0.036473179,0.0,0.008442865,0.005036,0.0,56
Creamed Potatoes,161.094026,12.73506511,2.316299156,0.522966695,5.257606491,0.26238304,56
Coconut and M&M Cookies,527.9677165,35.14862205,6.011220472,0.666732283,25.84776063,26.25673228,56
Caribbean Cooler,203.1913618,20.33343471,1.082698279,0.025623974,15.25115164,4.138291712,56
Almond-Oat Lace Cookies,545.0002698,35.73205403,8.70456052,0.372538555,20.78309852,31.61726464,56
Carrot Daikon Pickle,189.0806858,0.011888389,0.054741886,11.01183354,0.002322383,50.11923778,56
Carob-Coconut-Pecan Cookies,506.6679071,33.99098006,3.197140022,0.620612023,13.24552324,30.4430427,56
Cardamom & Cacao Truffles,521.036959,40.21173745,17.38372441,0.084431047,4.100899826,3.698145856,56
Cookies in a Jar,369.1169879,7.604213357,4.394890184,5.930076199,4.581801883,47.8798745,56
Frosted Apricot Cookies,511.7273784,37.58321998,8.554029782,1.07921349,28.40309497,14.8340407,56
Ice Cream Scones,290.7801418,5.672340426,7.131914894,0.096099291,3.260567376,10.08085106,56
Chocolate Caramel Slice,311.6299726,3.675981029,0.713499287,0.092229042,2.235383064,63.6318087,56
Caramel Sauce Recipe,208.2472649,2.093183383,1.25927626,0.180169842,1.302425216,48.01889679,56
Georgia Cookie Candy,495.3628286,28.57080711,5.650407257,0.013328397,13.69083673,57.04489078,56
Mabel's Caramel Corn Recipe,440.1477134,21.67550329,2.812151201,1.072516645,13.02107066,46.20717744,56
Caramel Corn III,462.8552545,28.11368143,0.634500991,2.093688037,15.67349636,54.25181758,56
Saffron Cream Scones,386.5884151,18.43673718,5.454262163,1.085202443,11.38376898,11.99207592,56
Cardamon Shake - India,296.056237,1.797933736,0.962903324,0.022876735,1.127842466,71.82878561,56
Caramel Chocolate Tarts,394.0281436,6.493006601,2.119542747,0.056262035,4.032762776,78.64305973,56
Apricot Cookie Frosting,438.9049786,19.49731072,2.709971038,0.005861261,3.373879465,65.952972,56
Vegan Oatmeal Carob Cookies,423.7550475,30.29389185,4.581670651,0.089614643,4.220851455,19.70379566,56
Canadian Shortbread Cookies,318.8726733,6.590669347,1.090914962,0.023509622,4.056139314,50.63464726,56
Creamed Potatoes,144.9229552,10.44032549,2.95437872,0.366265865,6.448240438,3.918109232,56
Chocolate Charms,484.8993289,28.93913972,4.874161074,0.237091977,17.81985967,23.27410006,56
Cooked Asparagus,1.923633458,0.011541801,0.21159968,0.008114509,0.003847267,0.180821545,56
Cambray Potatoes,164.1168289,12.91376912,2.382475661,0.027121001,8.003894298,0.02364395,56
Allspice Cookies,306.487551,1.459088034,0.306408487,0.718834455,0.851438963,73.59884423,56
Anzac cookies recipe,497.6959142,31.0534249,6.051309317,0.378727362,22.60684273,19.37846942,56
Caramel Sauce Recipe,290.8182155,8.838701715,1.089719857,0.538689374,5.474145378,54.90620758,56
Candy Cookie Jar Mix,373.8992283,0.055832955,0.586019065,0.104346346,0.008806173,92.84634589,56
Caramel Sauce,415.3663458,18.76393892,0.605928533,0.033671833,11.76030358,65.28459437,55
Caramel Sauce,212.7229739,6.343726759,1.416377138,0.023698787,0.683229917,39.30962715,55
Carrot Recipe,141.3345966,3.701739768,2.699727572,0.109216027,1.19643417,18.58292496,55
Caramel Sauce,399.5390775,15.1276789,0.516771524,0.034527134,9.393466339,68.46566632,55
Chocolate Caramel Mousse,449.4756783,30.6134898,4.777996034,0.03083561,22.61473253,29.90812152,55
Easy Cream Scones,362.406015,12.34285714,4.491729323,1.006203008,7.46962406,29.43007519,55
Caramel Potatoes (Iceland),144.5105973,6.219621443,2.097122593,0.020661931,1.176310338,11.24095392,55
Cranrazz Smoothie,52.27873563,0.313591954,4.645201149,0.04045977,0.056376437,7.271494253,55
Caramel Sauce,355.6056286,18.59100524,0.737606916,0.846362549,11.67718201,49.73466385,55
Caramel Sauce,308.8235294,11.37079832,0.895483193,0.022321429,7.257878151,53.7342437,55
Caramel Sauce,61.75771971,3.910332542,0.047718018,0.013573125,2.432897862,4.446895148,55
Caramel Sauce,365.9442724,13.40433437,1.055108359,0.926578947,8.556780186,62.88049536,55
Caramel Sauce,336.8551641,35.45053305,0.573143882,1.128513878,22.02188761,4.085505508,55
Caramel Sauce,124.6753247,0.0,0.0,0.005681818,0.0,32.64935065,55
Caramel Sauce,336.1866856,1.838958254,8.470866728,0.037677426,0.773667375,7.874070843,55
Caramel Sauce,204.9788136,0.0,0.0,0.00529661,0.0,52.86016949,55
Caramel Sauce,452.6240798,32.16813109,1.037758252,0.744775588,20.18285443,43.25932083,55
Caramel Cream,91.41274238,0.820637119,2.846260388,0.104743767,0.534972299,18.62303786,55
Ice Cream Pie,205.1453648,10.75662827,3.582227098,0.188855367,6.405141708,20.74342659,55
Easy Caramel Chocolate Chip Cookies,463.6898921,28.03865445,5.639515865,0.32193872,13.58060735,27.69027369,55
Caramel Sauce,274.97246,4.685429201,1.323722566,0.03990128,2.993903059,59.81931616,55
Caramel Sauce,513.6884154,34.53808256,0.383488682,1.117842876,21.49340879,54.563249,55
Caramel Sauce,206.6833026,2.872409678,1.342085277,0.202275686,0.719485733,45.76380601,55
Vegan Jam Almond Cookies,404.3057881,32.6253816,2.966768518,0.010895999,4.093574236,21.19629811,55
Caramel Sauce,352.9647436,37.64590011,0.441539797,0.021367521,23.43893563,5.126535791,55
Rum-Caramel Sauce,335.2469747,8.897267827,0.4230209,0.015325349,5.528238742,62.49031385,55
Caramel Sauce,312.6913704,10.14653502,0.799068925,0.019996251,6.476441917,57.42423296,55
Momma's Quickie Cocktail,74.36842105,0.168421053,0.589473684,0.0025,0.020210526,7.073684211,55
Raspberry Almond Cookies,288.6797469,6.034136226,1.965651087,0.083652363,2.600568937,39.91758388,55
Caramel Sauce,292.8229146,29.72826133,0.512518885,0.605898277,18.82252752,7.778072771,55
Caramel Icing,566.1677304,47.22027413,0.495949381,1.539492393,29.38561116,39.03251468,55
Caramel Sauce,400.0873275,15.77157797,0.480876522,0.06181942,9.864287258,68.70964638,55
Cantaloupe Cooler,8.92910157,0.033524425,0.116046085,0.009752771,0.00628583,1.981486908,55
No Bake Cookies I,401.3717875,16.05900339,9.650028923,0.021279233,6.509585985,30.80158665,55
Caramel Sauce,118.5522518,10.83044577,0.821440065,0.025604517,6.905085854,5.189518956,55
Caramel Sauce,335.0340136,12.66723356,0.551303855,0.427473073,7.98100907,57.58361678,55
Caramel Icing,64.09971654,1.104003118,3.192358771,0.104632454,0.712119864,10.60851088,55
Caramel Slice,752.0146051,75.70063882,0.486770604,0.029409593,68.64870237,20.41456,55
Ice Cream Pie,337.9482566,21.73585432,4.80372875,0.04150639,12.89512967,31.49730115,55
Caramel Sauce,194.0277555,0.0,0.0,0.005464864,0.0,50.03609819,55
Caramel Sauce,457.2147057,27.64680881,0.501168804,0.034887016,17.22936885,56.63915846,55
Caramel sauce,264.8544673,7.310417294,1.23836286,0.035955341,4.667869171,51.20119246,55
Caramel Pears,161.1040298,0.10521861,0.306466139,0.003786179,0.018989775,36.83706681,55
Caramel Sauce,54.17745325,1.056868199,3.214279645,0.104698325,0.685109131,8.382578697,55
Spiced Christmas Cookies,388.0031999,11.6225965,3.791605954,0.051373532,4.868225194,40.90254564,55
Caramel Sauce,333.0781011,4.144333844,0.326378254,0.008614089,2.645290965,77.33346095,55
Caramel Sauce,328.3198866,32.10035667,2.54692049,0.059536919,20.48768572,9.153309412,55
Caramel Sauce,578.4097184,62.84373274,1.471562673,0.047625621,39.29928216,5.027609056,55
Caramel Sauce,365.3608751,38.79154189,2.106948604,0.570631913,24.15489825,3.960215119,55
Caramel Sauce,365.6716418,13.46393035,1.060323383,0.024875622,8.593905473,63.62562189,55
Ice Cream Pie,218.6176889,7.694556876,2.875485609,0.137918273,4.719736212,21.15016535,55
Caramel Sauce,520.8877285,43.9203062,0.574115832,0.047694636,27.33212675,34.14268336,55
Cantaloupe Cooler,8.92910157,0.033524425,0.116046085,0.009752771,0.00628583,1.981486908,55
Rum Caramel Sauce,357.9547323,7.484965697,0.58985346,0.013823589,4.777492141,70.08347439,55
Caramel Sauce,380.3501275,14.56475291,0.396994969,0.026104487,9.049693294,65.21434971,55
Caramel Sauce,334.3340277,15.41784095,1.448351918,0.020830781,7.185884083,50.41110158,55
Caramel Sauce,33.14326443,0.921807166,0.021585239,0.008423508,0.576451435,6.530729605,55
Caramel Sauce,308.3247688,11.12538541,0.876156218,0.021839671,7.101233299,52.84686536,55
Caramel Sauce,289.3968872,1.540102925,0.107003891,0.280002667,0.867264968,74.71899711,55
Chocolate Cherry Cookies,435.7152262,42.36533241,1.479054929,0.333504905,26.32441233,11.72952722,55
Caramel Sauce,387.7805486,22.67456359,1.346633416,0.051433915,14.11284289,46.54613466,55
Caramel Sauce,370.3333333,15.87314815,4.111574074,0.46087963,8.185907407,48.11574074,55
Cherry-Cardamom Rice Pudding,121.638995,1.187004114,2.726821922,0.023508669,0.680575962,3.206545695,55
Cinnamon Crackers,286.2387332,13.66839265,5.805320402,0.005376565,1.051573929,34.20755596,55
Caramel Sauce,282.8571429,15.46428571,1.217857143,0.030357143,9.870714286,37.16428571,55
Caramel Cream,316.71875,15.78645833,1.243229167,0.031336806,10.07635417,44.59201389,55
Caramel Sauce,371.559633,8.275993884,0.65175841,0.01529052,5.282492355,77.54969419,55
Caramel Sauce,202.5316456,0.0,0.0,0.003955696,0.0,53.03797468,55
Katie's Date Bars,242.7958613,1.916689773,1.665242891,1.027545058,1.025153667,51.45387206,55
Caramel Sauce,345.9405659,12.32439926,1.007749182,0.02283876,7.861225651,58.56302431,55
Almond Chocolate Cookies,496.4742155,32.05937529,7.870932686,0.124034036,14.36021088,19.09707709,55
Anzac Bickies,508.326052,32.42781359,0.766703906,0.061570546,20.80701556,55.65136215,55
Caramel Sauce,361.4107884,7.559128631,2.072614108,0.068724066,3.268153527,74.63900415,55
Caramel Sauce,486.8316443,35.79218956,0.838117786,0.176963932,22.38261948,44.50358268,55
Low Carb No Bake Cookies,581.7091454,51.65867066,8.08045977,0.017366317,28.25597201,20.16841579,55
Caramel Sauce,423.7383556,14.44530174,0.467588688,0.010037703,8.992097182,73.68359422,55
Caramel Sauce,361.8280843,7.690030784,0.605612124,0.014207909,4.908477386,72.12171442,55
Caramel Cream,363.5,18.04,1.42,0.035,11.516,51.36,55
Caramel Sauce,307.9862438,9.149789836,0.435613298,0.007164692,5.694688575,58.56132977,55
Caramel Sauce,308.8235294,11.37079832,0.895483193,0.022321429,7.257878151,53.7342437,55
Caramel Sauce,219.6796339,0.0,0.0,0.003575515,0.0,57.52860412,55
Caramel Cream,309.5561233,10.08236202,0.794015115,0.222481683,6.435480866,56.1443309,55
Caramel Sauce,364.5887899,17.73965427,0.572289157,0.01702462,11.13017287,53.28444212,55
Creme Caramel,219.6796339,0.0,0.0,0.003575515,0.0,57.52860412,55
Caramel Sauce,323.9420423,13.19054738,0.90300138,0.061091306,8.409211132,53.03645354,55
Caramel Sauce,371.7960504,1.004433423,0.124220522,0.005900898,0.626208607,94.56761726,55
Caramel Sauce,233.2749781,2.542828561,0.360135051,0.037826685,1.556646242,54.99249719,55
Caramel Sauce,116.8728804,10.67702531,0.80980382,1.39754056,6.807270724,5.116005971,55
Mom's Alfredo,402.7994254,28.32081557,34.01494194,3.278080689,17.94419205,0.773502735,55
Caramel Sauce,452.3352527,23.04329281,0.555555556,0.016528044,14.4138409,64.72702069,55
Raspberry Almond Cookies,458.499175,26.73136512,9.744378365,0.209786683,3.132995046,14.33576612,55
Caramel Sauce,352.1126761,25.41079812,2.001173709,0.046948357,16.21948357,31.56103286,55
Cantaloupe Cooler,10.28346942,0.063742104,0.245917424,46.56148898,0.01575258,2.261400401,55
No Bake Cookies V,400.4363956,15.37425139,9.197981972,0.046015686,3.06743479,33.54259552,55
Rodeo Carmel Corn,159.2866826,6.295403439,2.644835055,0.085941834,3.472622026,13.4538307,55
Caramel Icing,408.361204,9.515886288,0.222826087,0.02173913,5.950752508,84.93561873,55
Caramel Sauce,345.4976303,7.69549763,0.606042654,0.014810427,4.911966825,72.11018957,55
Caramel Icing,167.2013277,15.76018961,1.73021463,0.08830928,10.04218974,5.574786126,55
Camp Potatoes,107.0191814,5.644278962,2.634819442,0.619258871,0.797217621,0.094495926,55
Caramel Sauce,294.3879984,2.154543221,0.052571866,0.148971687,1.232089434,74.96697547,55
Raspberry Bar Cookies,460.5941871,22.58951358,4.410513477,0.018086454,4.173929805,29.21372113,54
Carrot Mango Smoothie,45.14774979,0.161919402,0.573297727,0.060597172,0.027824555,8.295320457,54
Vegan Antioxidant Cookies,491.7284032,28.88295199,0.214056251,0.010435106,4.571931205,58.92835289,54
"Thin, Crisp Almond Cookies",341.7644208,34.62320055,1.281118133,0.685949141,20.93388217,4.206828323,54
Almond Tea Cookies Recipe,526.4511214,36.82253226,7.667730108,0.221269225,17.20837103,17.75867816,54
Slow Cooker Pork Carnitas,142.1863893,5.687045564,20.58024334,0.627257357,1.993391333,0.071342302,54
Chocolate-Coconut Cookies,601.9148869,54.22841724,4.68099146,0.197584741,41.43636569,26.46727069,54
Caramel Chocolate Bar,641.6706893,63.51402298,1.107284225,0.042189612,39.10925372,18.53424889,54
Hard Tacks,124.7270742,0.33569869,3.523471616,0.339792576,0.052947598,0.09279476,54
Orange and Almond Cookies,309.4524229,12.29132558,7.2044613,0.01902442,2.41703061,27.07450764,54
Coconut Caramel Sauce,289.1366495,5.579188107,0.994854202,0.063036021,3.455803316,62.42024014,54
Cocoa Pebbles (Cookies),418.4124305,38.7025086,10.49204064,0.058598921,17.57639165,6.489442679,54
Cherry Chip Cookies I,415.4744874,22.75453028,4.091559371,0.18896042,4.268538388,26.21006199,54
Caramels I,392.7205829,19.6190751,0.630546137,0.074399394,12.26318447,57.90455234,54
Can't Get Enough Caramel Cookies!,441.227163,19.51051362,9.110651499,1.235349879,3.628748707,24.07445708,54
Honey and cinammon spelt cookies,443.7872878,19.08626993,6.237004471,0.212260305,2.648674966,16.92119783,54
Caramel Pancake Syrup,128.9533875,0.454294503,0.004732234,0.034111523,0.28271157,33.05031943,54
Candy Bar Cookie Bars,427.4404892,18.05143044,10.66262648,0.459798355,7.813678387,27.59063114,54
Lime Cream,163.6144718,14.47662062,5.742664239,0.500043172,2.022582706,2.87569461,54
Mexican Bride Cookies,530.7336954,37.89138574,5.391625751,0.064673794,17.40463651,15.33198928,54
Baked Cookie Smoothie,59.22976667,2.113633198,0.672519654,0.046265439,1.304688129,8.394966766,54
Maple Cinnamon Scones,184.7704757,1.387421541,1.874151442,1.688748776,0.840523181,33.44968116,54
Coconut Caramel Sauce,452.8839307,29.60954189,0.230833136,0.007120817,25.53204367,47.94801804,54
Austrian Rugelach Cookies,347.6389376,9.788224518,2.929353076,0.143995302,6.020971129,61.22469647,54
Cherie's Caramel Corn,482.4211067,36.40527339,0.90180952,1.285758774,22.1061645,40.52594628,54
Cream Peas,140.0849705,9.345587893,3.179957515,0.280437412,5.75316701,5.062719985,54
Cardamom Granola Bars,433.6665326,19.82803853,9.947147699,0.023218629,7.746079164,15.37207254,54
Albanian Date Cookies,252.7393833,19.69659713,4.722308502,0.717955687,2.021613087,8.690143397,54
Church Window Cookies,733.4112242,78.39678792,3.400686808,0.009069359,38.75989268,5.388479243,54
Caramel Chocolate Dip,293.3490968,9.017417231,4.173657875,0.379404857,4.057273569,45.81988311,54
Hannahs ANZAC Cookies,513.4895607,40.87892756,5.777121585,0.516522516,34.12922391,12.14193877,54
Almond Shortbread Cookies,530.6721195,37.5,7.957859175,0.015113798,16.29889758,11.62251067,54
Chocolate & Caramel Squares,416.7081898,20.95328499,5.504945805,0.149558835,13.05728667,52.33669084,54
Chinese Christmas Cookies,645.7792208,58.28030303,10.66847042,0.017316017,12.73138528,17.4484127,54
Chocolate Bit Cookies,390.6028028,15.29605555,5.759644696,0.114829044,9.568532097,58.7491861,54
Cracklings,626.7029973,69.59128065,0.0,0.002554496,19.32425068,0.0,54
Smoked Cheddar Damper,145.3638192,3.701078837,5.46126045,0.153071173,1.935392348,1.159166578,54
Brown Swedish Cookies,548.9824492,41.49872606,0.674520485,0.726359046,25.81431642,45.40712969,54
Cream Soup Mix Recipe,56.87131141,1.410285889,3.754119721,2.563041312,0.581033954,4.948647199,54
Rice Cream,83.02013423,3.981936197,2.122946443,0.290979347,2.528037798,4.471824024,54
Cookie and Pecan Bars,501.9218139,36.7339139,5.186414468,0.018422195,15.49064385,33.71081542,54
Mom's Mashed Potatoes,192.4157465,18.29471723,2.700597916,0.121826368,11.39530111,3.199230438,54
Crock Pot Lil Smokies,307.3954194,4.20352041,2.749047135,0.843123703,1.26566685,67.09362244,54
Oat Bran Biscuits (Cookies),224.6311454,1.691891876,3.488982767,0.163204314,0.621566994,40.95028693,54
Cooking Dried Apricots,209.0382903,0.440783615,2.945235975,0.022818344,0.014692787,46.39581478,53
Caramel Sorbet,114.5542664,0.0,0.0,0.219286973,0.0,29.61521516,53
Homemade Caramel Sauce,193.6933386,19.49441598,1.524898174,0.039482328,12.4406911,4.206148995,53
Honey Caramels,564.6522456,53.69604229,0.807546804,1.722948395,33.41723252,23.611165,53
Caramelized Onions,67.98777676,3.198809501,1.063231824,0.111201489,1.972085444,4.537657032,53
Caramelized Onions,105.2631579,6.470914127,1.041551247,0.011080332,4.008864266,7.243767313,53
Apple Cream Scones,335.9722729,5.656694637,1.378937128,2.073026876,3.481867931,66.25781345,53
Caramilk Slice,811.607377,87.64070361,0.911548366,0.223088684,78.29996602,4.980687156,53
Anzac Biscuits (Cookies),523.5680624,36.27395115,5.216252377,0.451662213,28.13245071,22.08199065,53
Chocolate Chip Cookies,461.8141686,23.13983075,4.840040133,0.009198875,14.2667353,34.62425057,53
CARAWAY CRISPS,291.4195334,8.551469619,6.805061289,0.394177541,5.01884803,8.443390009,53
Sesame Coconut Cookies,643.1299235,59.95199049,6.286040062,0.006006091,23.20390033,11.87472783,53
Caramelized Onions,76.52331884,3.413767943,1.264295074,9.70430788,0.530123891,4.902540354,53
Carrot Tzimmes,115.1781543,2.076299725,0.907788224,0.368415195,1.201595566,20.61273527,53
Caramelized Onions,92.26346604,6.343075036,1.080357792,0.011942517,3.928680738,3.918735953,53
Caramel Apple Smoothie,78.63930886,2.776056773,4.218358531,0.043605369,0.798059241,8.247361925,53
Carrot Slaw Recipe,81.3999286,5.241475397,1.079356352,1.100774767,0.710797445,3.996196904,53
Caramel Grapes,238.6016379,15.8758098,1.01760176,0.034072852,9.415597115,22.83033859,53
Best Choc Chip Cookies,385.7598134,12.1404475,5.19193826,0.13121981,7.596826384,65.10813392,53
Creamy Mashed Potatoes,142.0889881,10.53682235,2.395561248,0.562060535,6.559897426,0.167458684,53
Razzmango Smoothie,52.42624966,0.467583993,1.835516252,0.01296094,0.029622371,6.308576892,53
Curried Olives,473.5360249,51.61148202,0.538376955,0.077673517,7.135820792,1.890865072,53
Caramel Coated Walnuts,444.0331879,30.45695302,0.916595158,1.530978445,5.389397336,46.15293506,53
Microwave Caramel Corn,431.8952858,28.18876905,0.486100562,1.468238898,17.43359157,48.18800952,53
Homemade Caramel Sauce,246.6759972,11.4083275,2.723058083,0.14629986,7.121238628,32.60496851,53
Caramel Grapes,89.14284358,0.140910929,0.63288027,0.005164908,0.047637212,20.77028928,53
Homemade Caramel Sauce,336.3669458,16.09998787,0.885814828,0.199384177,10.18711321,49.72818833,53
Microwave Caramels,380.9585158,17.539294,0.562999227,0.083419222,10.94949755,60.09920124,53
Slow Cooker Congee,82.86958626,3.30510525,4.34672151,14.23557343,0.816114203,4.074522139,53
Betty Crocker Caramels,365.8611564,15.51471571,0.19955091,0.127342351,9.568045123,62.23114758,53
Crack Potatoes,115.9171879,6.759616251,3.517047815,0.259971283,2.996107928,0.199737145,53
Cream Tarts Recipe,263.077479,17.33011989,3.361408732,0.191549253,10.64256415,0.130076343,53
Homemade Ice Cream,352.8876582,10.02155854,5.914952532,0.279717168,6.287084652,52.13765823,53
Caramel Frosting (Mom's Recipe),346.6978392,32.60077835,2.005692379,0.070428671,20.30201557,13.15796352,53
Caramelized Onions,77.66144798,4.606090327,1.042104296,0.737869304,0.662690404,4.016838377,53
Honey Caramels,407.9307201,21.45092677,2.88969918,0.022599514,10.38734427,54.16058949,53
Cumin Carrot Fries,67.17429826,3.724040702,0.857032789,9.076744531,0.51334679,4.133190938,53
Oatmeal-Currant Scones,315.6176659,13.64657563,7.080755281,0.761867933,7.757563473,10.10651803,53
Turtle Cookie Bars,641.6706893,63.51402298,1.107284225,0.042189612,39.10925372,18.53424889,53
Caribbean Smoothie,56.02994607,0.630384909,0.539795547,0.01385993,0.433329669,9.690769007,53
Anzac Biscuits (Cookies),528.6373858,33.97522836,6.152809011,0.510698907,29.63080609,20.19797658,53
Mom's Pie Crust Recipe,440.5137186,25.91943958,6.50262697,2.106246351,3.651079977,0.8441331,53
Rose Ice Cream,216.3305086,11.47198748,3.966095866,0.184459998,6.310611274,21.4801054,53
Caramel Pecans,681.9265795,72.95425752,1.581088936,0.037913791,41.63343419,8.641065387,53
Cookie Brittle,529.0245893,38.22463897,4.585743179,0.429336834,19.78435582,23.62558989,53
Caramel Popcorn Recipe,661.2682169,69.48604322,0.723651149,0.047683768,43.23212573,12.42153593,53
Anzac Biscuits (Cookies),437.8136235,16.08858181,2.217299143,0.30872768,12.58196632,64.11979207,53
Homemade Caramel Sauce,363.6363636,13.12121212,1.033333333,0.024242424,8.375151515,62.32727273,53
Spicy Caramel Corn,206.0224118,4.234736266,2.060426756,0.20030801,1.476726985,36.37013921,53
Miso Caramel Sauce,338.6956027,16.21466783,2.64009561,1.480915886,9.773077361,45.86087187,53
Apricot Scones,662.1387036,70.61778474,1.748202411,0.178131433,43.32876189,2.671452727,53
Rice Chex Candy Cookie,254.3216581,13.31387456,5.657525568,0.035749842,2.26305548,23.13512535,53
Carmallow Corn,470.375574,38.15194298,1.120896443,0.054142965,23.62367213,30.91117812,53
Chocolate Caramel Corn,455.8382415,23.50336127,6.358245539,0.606008411,20.00023756,36.79311763,53
Orange Cream Popsicles,164.2559451,10.73792596,1.262564354,0.020838441,6.790389801,15.2745771,53
Chewy Caramels,385.6861159,18.4168403,0.592859712,0.102214371,11.50665436,58.86523681,53
Microwave Caramel Corn,431.8952858,28.18876905,0.486100562,1.468238898,17.43359157,48.18800952,53
Cream Caramels,365.3965345,15.23633081,0.181088146,0.127462341,9.384825784,62.75175833,53
Buttery Cooked Carrots,137.8910729,8.404243041,0.769782805,0.147288321,1.575206851,12.18861674,53
Chocolate Chip Cookies,367.1096175,24.01479658,6.73551411,1.240065023,10.47573296,31.84022584,53
Chocolate Cookie Crust,516.1994485,37.33111213,5.529641544,0.006893382,23.2902114,42.90326287,53
Honey Caramels,308.9310663,1.965224343,0.377747753,1.296224901,1.244214479,78.4002515,53
Jackie's Alfredo Sauce,498.4629,44.8597188,22.86329134,2.27335068,28.14543638,0.600865598,53
Mimi's Cornmeal Scones,232.8105526,17.2375957,3.484479791,1.110433112,10.58655558,3.224597899,53
Caramel Chip Malts,226.8071951,12.15961214,3.981843732,0.157286397,7.542380551,24.19176504,53
Sesame Coconut Cookies,643.1299235,59.95199049,6.286040062,0.006006091,23.20390033,11.87472783,53
Microwaved Caramel,208.4783829,14.7356822,2.423076923,0.079905952,2.393669287,17.74971926,53
Oat and Raisin Cookies,215.5110698,0.231992034,0.92107568,0.077018899,0.062114917,39.02290884,53
Wookie Cookies,397.1229294,24.83380558,3.93799041,0.250245205,13.00168919,22.2836748,53
Rye Caraway Scones,298.5939738,16.77138458,4.940524621,1.012426286,10.28353853,9.896111406,53
Hot Cheese Cookies,416.5244904,33.73679108,21.40594311,1.545713345,18.66726307,0.607108503,53
Choco Overload Cookies,262.1825475,8.130879403,3.050227408,7.885286308,1.555269923,22.8756462,53
Creamed Onions,140.2243993,7.021314646,2.906407156,0.834619969,4.136877331,4.172805195,53
Bread-mum's recipe,268.6067551,4.380325694,7.257551267,0.006420386,2.272881785,5.000120627,53
Microwave Caramels,408.6108938,19.58293878,2.139857549,0.102354718,12.20605006,56.53315287,53
Chocolate Caramel Corn,420.7823961,20.96777062,3.057123805,0.071071349,12.87690598,54.00288953,53
No Bake Cookies VI,406.8164724,16.15052651,8.905321549,0.237119218,6.891594584,35.29889056,53
Light Caramel Corn,436.8553989,21.11555462,5.158913913,0.012102715,12.30393601,29.31488108,53
Anzac Biscuits (Cookies),567.9379182,39.88829234,6.05202969,0.302343384,34.77321972,20.93834114,53
Caramel Corn Snack Mix,267.4757848,17.14144007,3.096043879,0.134248454,4.55849574,16.47362586,53
Mom's Browned Rice,664.7367826,73.65030502,1.776999548,3.271744733,45.54355478,1.026427643,53
Caramelized Onions,129.0924713,7.33152083,1.542762761,11.83328097,4.454987669,7.920600065,53
Caramel Corn Snack Mix,230.7456324,12.30535732,3.21503536,0.162923435,4.390577066,13.74446992,53
Edamame & Cranberry Toss,190.9449416,5.968317768,7.217062003,0.614478824,2.082781192,23.59571391,53
No Bake Cookies II,379.0839525,11.34157702,7.743706332,0.018160142,5.777775313,36.32926694,53
Caramelized Onions,83.10794197,3.221047455,1.957216622,0.366517089,1.937300221,3.38087042,53
Anzac Biscuits (Cookies),673.1366546,70.80383553,1.816282823,0.123938142,45.64079674,4.831363677,53
Arugula Pesto Con Noci,385.1749054,35.62038184,12.45072072,15.70898273,7.557388114,1.056650721,53
Caramelized Onions,92.26346604,6.343075036,1.080357792,0.011942517,3.928680738,3.918735953,53
Kings Arms Confections,256.4354326,21.04429078,9.780537621,0.273465361,1.797955668,7.054822754,53
Microwave Caramel Corn,357.2867561,22.63225754,0.931544381,1.176417261,13.90434748,39.04367622,53
Turtle Cookie Bars,682.2687629,73.08071372,1.551982965,0.223465966,44.60384763,5.102432099,53
Kolache Kookies,400.4894393,10.57913603,1.851953663,0.01884116,6.507754268,67.29936155,52
Cinnamon-Sicles,70.74184387,0.28731731,4.920551361,0.04344162,0.076590243,9.044792316,52
Caramel Dessert,328.0898077,19.61272197,4.967045212,0.129626117,9.901491263,19.48623723,52
Caramels II,318.5203753,3.877390246,3.460574375,0.201335673,2.401776123,71.34032801,52
Apricot Pockets,551.4569239,44.23849475,1.775058737,0.079717565,27.30439143,36.42346916,52
Dog Cookies,289.9359797,0.777030232,2.239107078,0.022874951,0.165258237,71.32442174,52
Katie's Granola,345.9129782,9.216993605,4.864793614,0.024911292,0.911100537,52.59642622,52
Slow Cooker Caramelized Apples,122.8821372,3.929442134,0.281596361,0.251275327,2.380969454,20.06832476,52
Banana Rum Coconut Cookies,449.7831638,28.67162485,6.000334374,0.381033924,13.66536295,13.29363069,52
Lacy Almond-Orange Cookies,454.2608918,28.05459733,6.598526468,1.001447979,10.71649419,36.46011669,52
Mustard Pickles,28.86836028,0.186407126,0.262289673,4.489442428,0.032167601,4.732761465,52
Mustard Pickles,43.9495828,0.173144128,0.21313012,5.724429207,0.014586583,8.565620304,52
White Cargo,238.7826129,4.806403241,1.529310122,0.090535441,2.966596822,9.275166586,52
Cabernet Sauvignon Cookies,490.8126116,37.77665201,9.218470944,0.616671246,5.552033246,25.18872785,52
Aggression ( Oatmeal ) Cookies,471.0875984,25.47613189,8.308316929,0.414308563,14.60334646,17.24655512,52
Creamy Caramels,440.6752819,26.32379957,0.412137337,0.040090903,16.38599075,43.91967566,52
Calico Couscous,150.1721018,3.330967673,3.411518399,0.314573649,0.510272879,9.516340797,52
Caramel Topping,35.45703183,0.361966367,0.053430954,0.007929174,0.224897437,8.309689671,52
Almond Bark Cookies Recipe,467.2834147,38.24287892,12.62511495,0.016170356,4.418829874,5.861808319,52
Creole Croutons,381.8705674,7.493351064,10.91090426,2.332114362,1.048315603,0.279255319,52
Cape Cod Cooler,121.3529412,0.080588235,0.254117647,0.005,0.006352941,7.217058824,52
Diana's Favourite Caramel Corn,209.8221966,2.881278032,1.458595897,0.20397352,1.486497205,42.50765187,52
Tea Cookies,381.8269063,16.45655209,4.109666725,0.136592654,10.06656779,26.43779445,52
Creamy Pralines,74.80533768,2.73933661,3.301993163,1.254621826,0.804979916,9.683444444,52
Mom's Cornbread,298.9859075,1.013084414,8.535009375,1.893207798,0.22514667,1.17336344,52
Mrs. D's Chocolate Caramels,411.4443112,24.17844896,4.503521565,0.058476826,8.393466924,47.44410104,52
Mom's Gravy,293.3190233,0.795814328,8.326267776,0.316742688,0.126643413,0.219479474,52
Creamy Peas,338.6602317,21.22212541,27.60183004,2.346866251,13.38214002,1.500526316,52
Slow Cooked Creamy Carrots,66.4689339,4.282017347,0.506700069,7.768061825,2.126060549,5.178668494,52
Hot Caramel,61.04108265,1.374432093,3.438472692,0.138067907,0.73740551,8.610681489,52
Canned Tomatoes,17.94755247,0.199594798,0.878020669,0.557824842,0.028204122,2.614866762,52
Mom's Bread,414.0487656,17.98440725,9.399220362,0.354993121,2.483069632,29.54215394,52
Rosemary Scones,185.9637775,2.731241915,5.553040103,13.99498706,1.514553687,2.841203105,52
peaches n cream,66.97937571,0.832878243,0.497267305,0.003671699,0.459544012,3.883020292,52
Cardamom Cinnamon Biscuits,290.7113463,14.95909269,4.040515383,1.121950323,6.639305311,16.96600039,52
Creamy Pralines,441.2376471,20.89222039,3.704409793,0.142188251,4.450986672,62.873102,52
Dog Cookies,301.3656486,8.816878246,20.1044223,0.054437686,1.87279032,0.707319615,52
